{"0":{"0":{"num_votes":35,"avg_vote":6.114285714285714},"1":{"num_votes":27,"avg_vote":5.814814814814815},"2":{"num_votes":32,"avg_vote":6},"3":{"num_votes":31,"avg_vote":6.548387096774194},"4":{"num_votes":38,"avg_vote":6.2631578947368425},"5":{"num_votes":26,"avg_vote":5.961538461538462},"6":{"num_votes":33,"avg_vote":6.181818181818182},"7":{"num_votes":21,"avg_vote":6},"8":{"num_votes":25,"avg_vote":6.12},"9":{"num_votes":36,"avg_vote":6},"10":{"num_votes":40,"avg_vote":6.325},"11":{"num_votes":27,"avg_vote":6.481481481481482},"12":{"num_votes":32,"avg_vote":5.90625},"13":{"num_votes":31,"avg_vote":5.129032258064516},"14":{"num_votes":30,"avg_vote":6.2},"15":{"num_votes":37,"avg_vote":5.5675675675675675},"16":{"num_votes":0,"avg_vote":5},"17":{"num_votes":0,"avg_vote":5},"18":{"num_votes":0,"avg_vote":5},"19":{"num_votes":0,"avg_vote":5},"20":{"num_votes":0,"avg_vote":5}},"1":{"0":{"num_votes":29,"avg_vote":5.655172413793103},"1":{"num_votes":35,"avg_vote":5.828571428571428},"2":{"num_votes":29,"avg_vote":6.517241379310345},"3":{"num_votes":29,"avg_vote":6.068965517241379},"4":{"num_votes":36,"avg_vote":5.722222222222222},"5":{"num_votes":30,"avg_vote":5.1},"6":{"num_votes":23,"avg_vote":5.217391304347826},"7":{"num_votes":29,"avg_vote":5.862068965517241},"8":{"num_votes":30,"avg_vote":7.6},"9":{"num_votes":36,"avg_vote":6.972222222222222},"10":{"num_votes":45,"avg_vote":6.644444444444445},"11":{"num_votes":49,"avg_vote":6.959183673469388},"12":{"num_votes":38,"avg_vote":6.894736842105263},"13":{"num_votes":36,"avg_vote":6.805555555555555},"14":{"num_votes":28,"avg_vote":6.392857142857143},"15":{"num_votes":32,"avg_vote":6},"16":{"num_votes":0,"avg_vote":5},"17":{"num_votes":0,"avg_vote":5},"18":{"num_votes":0,"avg_vote":5},"19":{"num_votes":1,"avg_vote":5},"20":{"num_votes":0,"avg_vote":5}},"2":{"0":{"num_votes":27,"avg_vote":7},"1":{"num_votes":30,"avg_vote":7.133333333333334},"2":{"num_votes":22,"avg_vote":6.818181818181818},"3":{"num_votes":29,"avg_vote":6.9655172413793105},"4":{"num_votes":35,"avg_vote":7.6},"5":{"num_votes":27,"avg_vote":6.888888888888889},"6":{"num_votes":28,"avg_vote":7.107142857142857},"7":{"num_votes":30,"avg_vote":7.166666666666667},"8":{"num_votes":27,"avg_vote":6.148148148148148},"9":{"num_votes":27,"avg_vote":5.62962962962963},"10":{"num_votes":26,"avg_vote":5.3076923076923075},"11":{"num_votes":29,"avg_vote":5.9655172413793105},"12":{"num_votes":20,"avg_vote":5.95},"13":{"num_votes":30,"avg_vote":5.4},"14":{"num_votes":31,"avg_vote":5.645161290322581},"15":{"num_votes":24,"avg_vote":6.083333333333333},"16":{"num_votes":0,"avg_vote":5},"17":{"num_votes":0,"avg_vote":5},"18":{"num_votes":0,"avg_vote":5},"19":{"num_votes":0,"avg_vote":5},"20":{"num_votes":0,"avg_vote":5}},"3":{"0":{"num_votes":33,"avg_vote":6.787878787878788},"1":{"num_votes":24,"avg_vote":6.333333333333333},"2":{"num_votes":17,"avg_vote":5.294117647058823},"3":{"num_votes":22,"avg_vote":6.5},"4":{"num_votes":33,"avg_vote":6.606060606060606},"5":{"num_votes":34,"avg_vote":6.294117647058823},"6":{"num_votes":28,"avg_vote":6.464285714285714},"7":{"num_votes":27,"avg_vote":5.962962962962963},"8":{"num_votes":27,"avg_vote":5.888888888888889},"9":{"num_votes":27,"avg_vote":5.037037037037037},"10":{"num_votes":33,"avg_vote":5.090909090909091},"11":{"num_votes":21,"avg_vote":5.142857142857143},"12":{"num_votes":21,"avg_vote":5.476190476190476},"13":{"num_votes":29,"avg_vote":5.103448275862069},"14":{"num_votes":30,"avg_vote":5.966666666666667},"15":{"num_votes":30,"avg_vote":5.466666666666667},"16":{"num_votes":0,"avg_vote":5},"17":{"num_votes":0,"avg_vote":5},"18":{"num_votes":0,"avg_vote":5},"19":{"num_votes":0,"avg_vote":5},"20":{"num_votes":0,"avg_vote":5}},"4":{"0":{"num_votes":30,"avg_vote":6.1},"1":{"num_votes":21,"avg_vote":5.9523809523809526},"2":{"num_votes":32,"avg_vote":6.34375},"3":{"num_votes":20,"avg_vote":6.35},"4":{"num_votes":27,"avg_vote":6.592592592592593},"5":{"num_votes":30,"avg_vote":5.633333333333334},"6":{"num_votes":27,"avg_vote":5.814814814814815},"7":{"num_votes":34,"avg_vote":6.411764705882353},"8":{"num_votes":18,"avg_vote":6.111111111111111},"9":{"num_votes":31,"avg_vote":6.419354838709677},"10":{"num_votes":24,"avg_vote":6.5},"11":{"num_votes":20,"avg_vote":6.2},"12":{"num_votes":34,"avg_vote":5.970588235294118},"13":{"num_votes":22,"avg_vote":5.590909090909091},"14":{"num_votes":19,"avg_vote":6.2105263157894735},"15":{"num_votes":27,"avg_vote":6.444444444444445},"16":{"num_votes":0,"avg_vote":5},"17":{"num_votes":0,"avg_vote":5},"18":{"num_votes":0,"avg_vote":5},"19":{"num_votes":0,"avg_vote":5},"20":{"num_votes":0,"avg_vote":5}},"5":{"0":{"num_votes":34,"avg_vote":6.4411764705882355},"1":{"num_votes":38,"avg_vote":6.657894736842105},"2":{"num_votes":25,"avg_vote":6.08},"3":{"num_votes":28,"avg_vote":6.785714285714286},"4":{"num_votes":29,"avg_vote":6.0344827586206895},"5":{"num_votes":27,"avg_vote":6.555555555555555},"6":{"num_votes":38,"avg_vote":7.394736842105263},"7":{"num_votes":25,"avg_vote":6.8},"8":{"num_votes":30,"avg_vote":6.033333333333333},"9":{"num_votes":44,"avg_vote":5.113636363636363},"10":{"num_votes":31,"avg_vote":5.032258064516129},"11":{"num_votes":36,"avg_vote":5.638888888888889},"12":{"num_votes":28,"avg_vote":6.071428571428571},"13":{"num_votes":32,"avg_vote":4.8125},"14":{"num_votes":23,"avg_vote":5.608695652173913},"15":{"num_votes":39,"avg_vote":5.3076923076923075},"16":{"num_votes":0,"avg_vote":5},"17":{"num_votes":1,"avg_vote":5},"18":{"num_votes":0,"avg_vote":5},"19":{"num_votes":0,"avg_vote":5},"20":{"num_votes":0,"avg_vote":5}},"6":{"0":{"num_votes":44,"avg_vote":7.454545454545454},"1":{"num_votes":27,"avg_vote":6.62962962962963},"2":{"num_votes":42,"avg_vote":6.190476190476191},"3":{"num_votes":35,"avg_vote":7.142857142857143},"4":{"num_votes":27,"avg_vote":7},"5":{"num_votes":31,"avg_vote":6.129032258064516},"6":{"num_votes":30,"avg_vote":6.9},"7":{"num_votes":18,"avg_vote":7.166666666666667},"8":{"num_votes":32,"avg_vote":4.65625},"9":{"num_votes":25,"avg_vote":3.88},"10":{"num_votes":33,"avg_vote":4.0606060606060606},"11":{"num_votes":37,"avg_vote":4.864864864864865},"12":{"num_votes":32,"avg_vote":5.03125},"13":{"num_votes":31,"avg_vote":3.967741935483871},"14":{"num_votes":32,"avg_vote":3.125},"15":{"num_votes":27,"avg_vote":4.148148148148148},"16":{"num_votes":0,"avg_vote":5},"17":{"num_votes":0,"avg_vote":5},"18":{"num_votes":0,"avg_vote":5},"19":{"num_votes":0,"avg_vote":5},"20":{"num_votes":0,"avg_vote":5}},"7":{"0":{"num_votes":29,"avg_vote":7.275862068965517},"1":{"num_votes":30,"avg_vote":6.566666666666666},"2":{"num_votes":31,"avg_vote":7.064516129032258},"3":{"num_votes":18,"avg_vote":7.111111111111111},"4":{"num_votes":29,"avg_vote":6.172413793103448},"5":{"num_votes":24,"avg_vote":6},"6":{"num_votes":21,"avg_vote":6.619047619047619},"7":{"num_votes":31,"avg_vote":6.774193548387097},"8":{"num_votes":26,"avg_vote":5.076923076923077},"9":{"num_votes":34,"avg_vote":4.970588235294118},"10":{"num_votes":26,"avg_vote":5.384615384615385},"11":{"num_votes":26,"avg_vote":4.730769230769231},"12":{"num_votes":30,"avg_vote":5.2},"13":{"num_votes":29,"avg_vote":4.655172413793103},"14":{"num_votes":31,"avg_vote":4.870967741935484},"15":{"num_votes":31,"avg_vote":5.258064516129032},"16":{"num_votes":0,"avg_vote":5},"17":{"num_votes":0,"avg_vote":5},"18":{"num_votes":0,"avg_vote":5},"19":{"num_votes":0,"avg_vote":5},"20":{"num_votes":0,"avg_vote":5}},"8":{"0":{"num_votes":34,"avg_vote":5.735294117647059},"1":{"num_votes":32,"avg_vote":4.78125},"2":{"num_votes":20,"avg_vote":5},"3":{"num_votes":29,"avg_vote":5.517241379310345},"4":{"num_votes":24,"avg_vote":4.791666666666667},"5":{"num_votes":30,"avg_vote":4.866666666666666},"6":{"num_votes":18,"avg_vote":4.444444444444445},"7":{"num_votes":24,"avg_vote":4.666666666666667},"8":{"num_votes":32,"avg_vote":7.15625},"9":{"num_votes":35,"avg_vote":6.914285714285715},"10":{"num_votes":33,"avg_vote":6.878787878787879},"11":{"num_votes":25,